Memory,Accuracy_Train,Accuracy_Test
2,0.9344444444444444,0.885
3,0.935,0.86
4,0.9372222222222222,0.885
5,0.9316666666666666,0.895
6,0.9322,0.87